Workbook

Sheet Feuil1
A1: Temps (s) | B1: Force (N) | C1: Allongement (mm) | D1: Temps (s) | E1: Force (N) | F1: Allongement (mm) | G1: Temps (s) | H1: Force (N) | I1: Allongement (mm) | J1: Temps (s) | K1: Force (N) | L1: Allongement (mm) | M1: Temps (s) | N1: Force (N) | O1: Allongement (mm) | P1: Temps (s) | Q1: Force (N) | R1: Allongement (mm) | S1: Temps (s) | T1: Force (N) | U1: Allongement (mm)
A2: 0 | D2: 0 | G2: 0 | J2: 0 | M2: 0 | P2: 0 | S2: 0
A3: 0.10327906 | B3: -0.07838935 | D3: 0.10589691 | E3: -0.07629394 | F3: -0.017166138 | G3: 0.1036779 | H3: -0.07629394 | I3: -0.005722046 | J3: 0.10253222 | K3: -0.03814697 | M3: 0.11026847 | N3: -0.03814697 | P3: 0.10818631 | Q3: -0.03814697 | S3: 0.11254223 | T3: 0
A4: 0.20655812 | B4: -0.097941452 | D4: 0.21179383 | E4: -0.03814697 | F4: 0 | G4: 0.20735579 | H4: -0.062998563 | I4: -0.0040750507 | J4: 0.20506444 | K4: -0.03814697 | L4: 0.022890189 | M4: 0.22053694 | N4: -0.03814697 | O4: 0.014000762 | P4: 0.21637262 | Q4: -0.03814697 | R4: 0 | S4: 0.22508446 | T4: -0.03814697 | U4: -0.011444092
A5: 0.30983718 | B5: -0.11444091 | D5: 0.31769074 | E5: -0.03814697 | F5: 0 | G5: 0.31103369 | H5: -0.03814697 | I5: 0.004031832 | J5: 0.30759666 | K5: -0.03814697 | L5: 0.017166138 | M5: 0.33080541 | N5: -0.03814697 | O5: 0.022561701 | P5: 0.32455893 | Q5: -0.03814697 | R5: 0 | S5: 0.33762669 | T5: -0.024743981 | U5: -0.011444092
A6: 0.41311624 | B6: -0.095332609 | C6: 0.022888184 | D6: 0.42358765 | E6: -0.07629394 | F6: -0.0021447909 | G6: 0.41471159 | H6: -0.03814697 | I6: 0.0034668653 | J6: 0.41012888 | K6: -0.03814697 | L6: 0.022888184 | M6: 0.44107389 | N6: -0.03814697 | O6: 0.017166138 | P6: 0.43274525 | Q6: -0.03814697 | R6: 0.016871939 | S6: 0.45016892 | T6: -0.022588255 | U6: 0
A7: 0.5163953 | B7: -0.11444091 | C7: 0.005722046 | D7: 0.52948456 | E7: -0.03814697 | F7: -0.017166138 | G7: 0.51838948 | H7: 0.03814697 | I7: 0 | J7: 0.5126611 | K7: -0.03814697 | L7: 0.017435343 | M7: 0.55134236 | N7: -0.01287534 | O7: 0.049273955 | P7: 0.54093156 | Q7: -0.03814697 | R7: 0.017166138 | S7: 0.56271115 | T7: -0.03814697 | U7: 0.017166138
A8: 0.61967436 | B8: -0.098049064 | C8: 0.015889886 | D8: 0.63538148 | E8: 0 | F8: -0.0011762765 | G8: 0.62206738 | H8: 0.15778453 | I8: 0.0265248 | J8: 0.61519332 | K8: -0.03814697 | L8: 0.017708194 | M8: 0.66161083 | N8: 0.07629394 | O8: 0.0080792853 | P8: 0.64911787 | Q8: -0.03814697 | R8: 0.005722046 | S8: 0.67525338 | T8: -0.03814697 | U8: -0.005722046
A9: 0.72295342 | B9: -0.11444091 | C9: 0.022650742 | D9: 0.74127839 | E9: 0.046936498 | F9: 0.0024572149 | G9: 0.72574528 | H9: 0.49994435 | I9: 0.031259065 | J9: 0.71772554 | K9: 0.07629394 | L9: 0.017166138 | M9: 0.7718793 | N9: 0.19213729 | O9: -0.0056168632 | P9: 0.75730418 | Q9: -0.03814697 | R9: 0 | S9: 0.78779561 | T9: 0.03814697 | U9: -0.013032768
A10: 0.82623248 | B10: -0.07629394 | C10: 0 | D10: 0.8471753 | E10: 0.17947717 | F10: 0.020671536 | G10: 0.82942317 | H10: 1.1536291 | I10: 0.097090973 | J10: 0.82025776 | K10: 0.18023393 | L10: 0.044677677 | M10: 0.88214777 | N10: 0.63029508 | O10: 0.03242021 | P10: 0.86549049 | Q10: -0.03814697 | R10: 0.0094315606 | S10: 0.90033784 | T10: 0.11444091 | U10: 0.020737145
A11: 0.92951154 | B11: -0.041039496 | C11: 0.024355015 | D11: 0.95307221 | E11: 0.5199985 | F11: 0.09562987 | G11: 0.93310107 | H11: 1.8977883 | I11: 0.16503487 | J11: 0.92278998 | K11: 0.55153874 | L11: 0.10596611 | M11: 0.99241624 | N11: 1.3124932 | O11: 0.17132396 | P11: 0.9736768 | Q11: -0.03814697 | R11: 0.017166138 | S11: 1.0128801 | T11: 0.36291171 | U11: 0.083150092
A12: 1.0327906 | B12: 0.010208165 | C12: 0.036439278 | D12: 1.0589691 | E12: 1.1366714 | F12: 0.21221558 | G12: 1.036779 | H12: 2.5918429 | I12: 0.27308679 | J12: 1.0253222 | K12: 1.0953724 | L12: 0.22138054 | M12: 1.1026847 | N12: 2.0589783 | O12: 0.27845468 | P12: 1.0818631 | Q12: -0.03814697 | R12: 0.0036860828 | S12: 1.1254223 | T12: 0.93164836 | U12: 0.20603583
A13: 1.1360697 | B13: 0.18585009 | C13: 0.070869304 | D13: 1.164866 | E13: 1.8700138 | F13: 0.32187329 | G13: 1.1404569 | H13: 3.2412983 | I13: 0.3293949 | J13: 1.1278544 | K13: 1.7507581 | L13: 0.30658951 | M13: 1.2129532 | N13: 2.7342735 | O13: 0.33522696 | P13: 1.1900494 | Q13: 0 | R13: 0.01336602 | S13: 1.2379645 | T13: 1.6554098 | U13: 0.28627101
A14: 1.2393487 | B14: 0.48782809 | C14: 0.19559966 | D14: 1.270763 | E14: 2.6074907 | F14: 0.31624966 | G14: 1.2441348 | H14: 3.8181232 | I14: 0.42915345 | J14: 1.2303866 | K14: 2.4340329 | L14: 0.39027072 | M14: 1.3232217 | N14: 3.4261457 | O14: 0.40680732 | P14: 1.2982357 | Q14: 0.096049551 | R14: 0.0086385243 | S14: 1.3505068 | T14: 2.3560206 | U14: 0.44802074
A15: 1.3426278 | B15: 1.1156314 | C15: 0.27562099 | D15: 1.3766599 | E15: 3.2785566 | F15: 0.19821742 | G15: 1.3478127 | H15: 4.4093544 | I15: 0.35136417 | J15: 1.3329189 | K15: 3.0079349 | L15: 0.47081519 | M15: 1.4334901 | N15: 4.0464948 | O15: 0.33434161 | P15: 1.406422 | Q15: 0.27457557 | R15: 0.080108644 | S15: 1.463049 | T15: 3.0216712 | U15: 0.35953288
A16: 1.4459068 | B16: 1.8940792 | C16: 0.16680996 | D16: 1.4825568 | E16: 3.891949 | F16: 0.15393913 | G16: 1.4514906 | H16: 4.9608036 | I16: 0.10871887 | J16: 1.4354511 | K16: 3.6269198 | L16: 0.38337708 | M16: 1.5437586 | N16: 4.644266 | O16: 0.10861942 | P16: 1.5146084 | Q16: 0.72631289 | R16: 0.2111866 | S16: 1.5755912 | T16: 3.6347408 | U16: 0.080108644
A17: 1.5491859 | B17: 2.634682 | C17: 0.13334448 | D17: 1.5884537 | E17: 4.5216188 | F17: 0.23251869 | G17: 1.5551684 | H17: 5.5191469 | I17: 0.13055888 | J17: 1.5379833 | K17: 4.1765465 | L17: 0.12468062 | M17: 1.6540271 | N17: 5.2048985 | O17: 0.18080916 | P17: 1.6227947 | Q17: 1.3923071 | R17: 0.28116912 | S17: 1.6881334 | T17: 4.2261594 | U17: 0.17994218
... A1000: 103.0725 | B1000: 111.73686 | C1000: 79.57446 | D1000: 105.68512 | E1000: 0.76141894 | F1000: 81.12208 | G1000: 103.47054 | H1000: 3.8414822 | I1000: 80.383866 | J1000: 102.32716 | K1000: 70.220855 | L1000: 78.7252 | M1000: 110.04793 | N1000: 0.93168654 | O1000: 84.814556 | P1000: 107.96994 | Q1000: 32.496288 | R1000: 81.843134 | S1000: 112.31715 | T1000: 144.72829 | U1000: 85.570724
A1001: 103.17578 | B1001: 0.30517576 | D1001: 105.79102 | E1001: 0.45776364 | G1001: 103.57422 | H1001: 0.41961667 | J1001: 102.42969 | K1001: 0.49591061 | L1001: 79.948427 | M1001: 110.1582 | N1001: 0.45776364 | P1001: 108.07812 | Q1001: 0.64849849 | S1001: 112.42969 | U1001: 85.693361

Sheet Feuil1 (2)
B1: =MAX(B3:B5001) -> 143.57489 | C1: =INDEX(B3:C1048576,MATCH(B1,B3:B1048576,0),2) -> 83.378189 | E1: =MAX(E3:E5001) -> 135.19286 | F1: =INDEX(E3:F1048576,MATCH(E1,E3:E1048576,0),2) -> 78.986184 | H1: =MAX(H3:H5001) -> 139.35088 | I1: =INDEX(H3:I1048576,MATCH(H1,H3:H1048576,0),2) -> 79.409754 | K1: =MAX(K3:K5001) -> 143.61037 | L1: =INDEX(K3:L1048576,MATCH(K1,K3:K1048576,0),2) -> 83.611673 | N1: =MAX(N3:N5001) -> 142.89048 | O1: =INDEX(N3:O1048576,MATCH(N1,N3:N1048576,0),2) -> 82.222822 | Q1: =MAX(Q3:Q5001) -> 143.57489 | R1: =INDEX(Q3:R1048576,MATCH(Q1,Q3:Q1048576,0),2) -> 83.378189 | T1: =MAX(T3:T5001) -> 135.19286 | U1: =INDEX(T3:U1048576,MATCH(T1,T3:T1048576,0),2) -> 78.986184
A2: Temps (s) | B2: Force (N) | C2: Allongement (mm) | E2: Force (N) | F2: Allongement (mm) | H2: Force (N) | I2: Allongement (mm) | K2: Force (N) | L2: Allongement (mm) | N2: Force (N) | O2: Allongement (mm) | P2: Temps (s) | Q2: Force (N) | R2: Allongement (mm) | S2: Temps (s) | T2: Force (N) | U2: Allongement (mm)
A3: 0
A4: 0.10978948
A5: 0.21957895 | B5: 6.5707211 | C5: 0.0018301028 | E5: 6.5612788 | H5: 6.5612788 | I5: 0.0022686032 | K5: 6.5612788 | Q5: 6.5707211 | R5: 0.0018301028 | T5: 6.5612788 | W5: 6.5612788 | X5: 0.0022686032 | Z5: 6.5612788
A6: 0.32936843 | B6: 6.5612788 | C6: 0.0056928746 | E6: 6.5612788 | F6: 0.015258788 | H6: 6.5612788 | I6: 0.0014521641 | K6: 6.5612788 | L6: -0.0029880602 | N6: 6.5994258 | Q6: 6.5612788 | R6: 0.0056928746 | T6: 6.5612788 | U6: 0.015258788 | W6: 6.5612788 | X6: 0.0014521641 | Z6: 6.5612788 | AA6: -0.0029880602 | AC6: 6.5994258
A7: 0.43915791 | B7: 6.5612788 | C7: 0.007629394 | E7: 6.5612788 | F7: 0.015258788 | H7: 6.5612788 | I7: 0.0051729314 | K7: 6.5612788 | L7: -0.003814697 | N7: 6.5994258 | Q7: 6.5612788 | R7: 0.007629394 | T7: 6.5612788 | U7: 0.015258788 | W7: 6.5612788 | X7: 0.0051729314 | Z7: 6.5612788 | AA7: -0.003814697 | AC7: 6.5994258
A8: 0.54894738 | B8: 6.5612788 | C8: 0.0091806511 | E8: 6.5612788 | F8: 0.018653646 | H8: 6.5981972 | I8: 0.007629394 | K8: 6.5612788 | L8: -0.003814697 | N8: 6.5994258 | Q8: 6.5612788 | R8: 0.0091806511 | T8: 6.5612788 | U8: 0.018653646 | W8: 6.5981972 | X8: 0.007629394 | Z8: 6.5612788 | AA8: -0.003814697 | AC8: 6.5994258
A9: 0.65873686 | B9: 6.5612788 | C9: 0.011444091 | E9: 6.5652573 | F9: 0.0063847909 | H9: 6.5634467 | I9: 0.007629394 | K9: 6.5612788 | L9: -0.003814697 | N9: 6.5994258 | Q9: 6.5612788 | R9: 0.011444091 | T9: 6.5652573 | U9: 0.0063847909 | W9: 6.5634467 | X9: 0.007629394 | Z9: 6.5612788 | AA9: -0.003814697 | AC9: 6.5994258
A10: 0.76852634 | B10: 6.5612788 | C10: 0.010413986 | E10: 6.5994258 | F10: 0.003814697 | H10: 6.5612788 | I10: 0.0097462113 | K10: 6.5612788 | L10: -0.003814697 | N10: 6.5844179 | O10: -0.015258788 | Q10: 6.5612788 | R10: 0.010413986 | T10: 6.5994258 | U10: 0.003814697 | W10: 6.5612788 | X10: 0.0097462113 | Z10: 6.5612788 | AA10: -0.003814697 | AC10: 6.5844179 | AD10: -0.015258788
A11: 0.87831582 | B11: 6.5789964 | C11: 0.007629394 | E11: 6.5994258 | F11: 0.0065415023 | H11: 6.5612788 | I11: 0.011444091 | K11: 6.5612788 | L11: -0.003814697 | N11: 6.5612788 | O11: -0.01339497 | Q11: 6.5789964 | R11: 0.007629394 | T11: 6.5994258 | U11: 0.0065415023 | W11: 6.5612788 | X11: 0.011444091 | Z11: 6.5612788 | AA11: -0.003814697 | AC11: 6.5612788 | AD11: -0.01339497
A12: 0.98810529 | B12: 6.5994258 | C12: 0.014386921 | E12: 6.5994258 | F12: 0.007629394 | H12: 6.5612788 | I12: 0.014475311 | K12: 6.5612788 | L12: -0.003814697 | N12: 6.5612788 | O12: -0.013324142 | Q12: 6.5994258 | R12: 0.014386921 | T12: 6.5994258 | U12: 0.007629394 | W12: 6.5612788 | X12: 0.014475311 | Z12: 6.5612788 | AA12: -0.003814697 | AC12: 6.5612788 | AD12: -0.013324142
A13: 1.0978948 | B13: 6.5994258 | C13: 0.026836836 | E13: 6.5612788 | F13: 0.007629394 | H13: 6.5612788 | I13: 0.019868141 | K13: 6.5994258 | L13: -0.003814697 | N13: 6.5825844 | O13: -0.015258788 | Q13: 6.5994258 | R13: 0.026836836 | T13: 6.5612788 | U13: 0.007629394 | W13: 6.5612788 | X13: 0.019868141 | Z13: 6.5994258 | AA13: -0.003814697 | AC13: 6.5825844 | AD13: -0.015258788
A14: 1.2076842 | B14: 6.5994258 | C14: 0.030517576 | E14: 6.5612788 | F14: 0.0048770598 | H14: 6.5612788 | I14: 0.022888182 | K14: 6.5950568 | L14: -0.003814697 | N14: 6.5994258 | O14: -0.015258788 | Q14: 6.5994258 | R14: 0.030517576 | T14: 6.5612788 | U14: 0.0048770598 | W14: 6.5612788 | X14: 0.022888182 | Z14: 6.5950568 | AA14: -0.003814697 | AC14: 6.5994258 | AD14: -0.015258788
A15: 1.3174737 | B15: 6.5994258 | C15: 0.030057362 | E15: 6.5612788 | F15: 0.003814697 | H15: 6.5612788 | I15: 0.021674588 | K15: 6.5612788 | L15: -0.0033065471 | N15: 6.5994258 | O15: -0.015258788 | Q15: 6.5994258 | R15: 0.030057362 | T15: 6.5612788 | U15: 0.003814697 | W15: 6.5612788 | X15: 0.021674588 | Z15: 6.5612788 | AA15: -0.0033065471 | AC15: 6.5994258 | AD15: -0.015258788
A16: 1.4272632 | B16: 6.5994258 | C16: 0.023500182 | E16: 6.5612788 | F16: 0.013042561 | H16: 6.5612788 | I16: 0.015771655 | K16: 6.5612788 | L16: -0.00049025727 | N16: 6.5994258 | O16: -0.015258788 | Q16: 6.5994258 | R16: 0.023500182 | T16: 6.5612788 | U16: 0.013042561 | W16: 6.5612788 | X16: 0.015771655 | Z16: 6.5612788 | AA16: -0.00049025727 | AC16: 6.5994258 | AD16: -0.015258788
A17: 1.5370527 | B17: 6.5994258 | C17: 0.030517576 | E17: 6.5612788 | F17: 0.019073485 | H17: 6.5612788 | I17: 0.018305433 | K17: 6.5612788 | L17: -0.0037783621 | N17: 6.5994258 | O17: -0.016179632 | Q17: 6.5994258 | R17: 0.030517576 | T17: 6.5612788 | U17: 0.019073485 | W17: 6.5612788 | X17: 0.018305433 | Z17: 6.5612788 | AA17: -0.0037783621 | AC17: 6.5994258 | AD17: -0.016179632
A18: 1.6468422 | B18: 6.5994258 | C18: 0.031238698 | E18: 6.5612788 | F18: 0.019073485 | H18: 6.5612788 | I18: 0.015258788 | K18: 6.5612788 | L18: -0.003814697 | N18: 6.5994258 | O18: -0.015325177 | Q18: 6.5994258 | R18: 0.031238698 | T18: 6.5612788 | U18: 0.019073485 | W18: 6.5612788 | X18: 0.015258788 | Z18: 6.5612788 | AA18: -0.003814697 | AC18: 6.5994258 | AD18: -0.015325177
A19: 1.7566316 | B19: 6.5994258 | C19: 0.033563076 | E19: 6.5612788 | F19: 0.019073485 | H19: 6.5612788 | I19: 0.015258788 | K19: 6.5612788 | L19: -0.003814697 | N19: 6.5994258 | O19: -0.003814697 | Q19: 6.5994258 | R19: 0.033563076 | T19: 6.5612788 | U19: 0.019073485 | W19: 6.5612788 | X19: 0.015258788 | Z19: 6.5612788 | AA19: -0.003814697 | AC19: 6.5994258 | AD19: -0.003814697
A20: 1.8664211 | B20: 6.5994258 | C20: 0.02724849 | E20: 6.5612788 | F20: 0.017628189 | H20: 6.5612788 | I20: 0.015258788 | K20: 6.5612788 | L20: -0.0039854909 | N20: 6.5994258 | O20: -0.003814697 | Q20: 6.5994258 | R20: 0.02724849 | T20: 6.5612788 | U20: 0.017628189 | W20: 6.5612788 | X20: 0.015258788 | Z20: 6.5612788 | AA20: -0.0039854909 | AC20: 6.5994258 | AD20: -0.003814697
A21: 1.9762106 | B21: 6.5994258 | C21: 0.015258788 | E21: 6.5612788 | F21: 0.012818992 | H21: 6.5616184 | I21: 0.0099272722 | K21: 6.5612788 | L21: -0.006963787 | N21: 6.5994258 | O21: -0.0050195345 | Q21: 6.5994258 | R21: 0.015258788 | T21: 6.5612788 | U21: 0.012818992 | W21: 6.5616184 | X21: 0.0099272722 | Z21: 6.5612788 | AA21: -0.006963787 | AC21: 6.5994258 | AD21: -0.0050195345
... A1002: 109.67969 | B1002: 57.640072 | C1002: 16.03388 | E1002: 55.547238 | F1002: 14.92124 | H1002: 56.877132 | I1002: 15.001729 | K1002: 57.301034 | L1002: 16.023033 | N1002: 57.035833 | O1002: 15.749347 | Q1002: 57.640072 | R1002: 16.03388 | T1002: 55.547238 | U1002: 14.92124 | W1002: 56.877132 | X1002: 15.001729 | Z1002: 57.301034 | AA1002: 16.023033 | AC1002: 57.035833 | AD1002: 15.749347
B1003: 57.687331 | C1003: 16.057496 | E1003: 55.583158 | F1003: 14.944373 | H1003: 56.877638 | I1003: 14.995335 | K1003: 57.339893 | L1003: 16.055274 | N1003: 57.067867 | O1003: 15.767001 | Q1003: 57.687331 | R1003: 16.057496 | T1003: 55.583158 | U1003: 14.944373 | W1003: 56.877638 | X1003: 14.995335 | Z1003: 57.339893 | AA1003: 16.055274 | AC1003: 57.067867 | AD1003: 15.767001
B1004: 57.716366 | C1004: 16.081398 | E1004: 55.619078 | F1004: 14.942276 | H1004: 56.914846 | I1004: 15.027305 | K1004: 57.373043 | L1004: 16.067672 | N1004: 57.074304 | O1004: 15.793587 | Q1004: 57.716366 | R1004: 16.081398 | T1004: 55.619078 | U1004: 14.942276 | W1004: 56.914846 | X1004: 15.027305 | Z1004: 57.373043 | AA1004: 16.067672 | AC1004: 57.074304 | AD1004: 15.793587
B1005: 57.72644 | C1005: 16.090903 | E1005: 55.654998 | F1005: 14.915509 | H1005: 56.952053 | I1005: 15.041811 | K1005: 57.392824 | L1005: 16.077536 | N1005: 57.112613 | O1005: 15.80429 | Q1005: 57.72644 | R1005: 16.090903 | T1005: 55.654998 | U1005: 14.915509 | W1005: 56.952053 | X1005: 15.041811 | Z1005: 57.392824 | AA1005: 16.077536 | AC1005: 57.112613 | AD1005: 15.80429
B1006: 57.754513 | C1006: 16.087181 | E1006: 55.656429 | F1006: 14.906392 | H1006: 57.005984 | I1006: 15.053141 | K1006: 57.449337 | L1006: 16.117095 | N1006: 57.149882 | O1006: 15.818733 | Q1006: 57.754513 | R1006: 16.087181 | T1006: 55.656429 | U1006: 14.906392 | W1006: 57.005984 | X1006: 15.053141 | Z1006: 57.449337 | AA1006: 16.117095 | AC1006: 57.149882 | AD1006: 15.818733
B1007: 57.765548 | C1007: 16.139983 | E1007: 55.688691 | F1007: 14.9705 | H1007: 57.02972 | I1007: 15.085523 | K1007: 57.460652 | L1007: 16.117095 | N1007: 57.182298 | O1007: 15.837347 | Q1007: 57.765548 | R1007: 16.139983 | T1007: 55.688691 | U1007: 14.9705 | W1007: 57.02972 | X1007: 15.085523 | Z1007: 57.460652 | AA1007: 16.117095 | AC1007: 57.182298 | AD1007: 15.837347
B1008: 57.804176 | C1008: 16.136764 | E1008: 55.719991 | F1008: 15.024831 | H1008: 57.049805 | I1008: 15.104828 | K1008: 57.487484 | L1008: 16.130325 | N1008: 57.220606 | O1008: 15.849052 | Q1008: 57.804176 | R1008: 16.136764 | T1008: 55.719991 | U1008: 15.024831 | W1008: 57.049805 | X1008: 15.104828 | Z1008: 57.487484 | AA1008: 16.130325 | AC1008: 57.220606 | AD1008: 15.849052
B1009: 57.835868 | C1009: 16.14093 | E1009: 55.753596 | F1009: 15.028532 | H1009: 57.087012 | I1009: 15.089474 | K1009: 57.487484 | L1009: 16.170268 | N1009: 57.258602 | O1009: 15.885058 | Q1009: 57.835868 | R1009: 16.14093 | T1009: 55.753596 | U1009: 15.028532 | W1009: 57.087012 | X1009: 15.089474 | Z1009: 57.487484 | AA1009: 16.170268 | AC1009: 57.258602 | AD1009: 15.885058
B1010: 57.874496 | C1010: 16.197203 | E1010: 55.77087 | F1010: 15.029906 | H1010: 57.116554 | I1010: 15.13729 | K1010: 57.500936 | L1010: 16.170889 | N1010: 57.258975 | O1010: 15.891728 | Q1010: 57.874496 | R1010: 16.197203 | T1010: 55.77087 | U1010: 15.029906 | W1010: 57.116554 | X1010: 15.13729 | Z1010: 57.500936 | AA1010: 16.170889 | AC1010: 57.258975 | AD1010: 15.891728
B1011: 57.9071 | C1011: 16.209541 | E1011: 55.790757 | F1011: 15.057748 | H1011: 57.138096 | I1011: 15.139868 | K1011: 57.539796 | L1011: 16.167003 | N1011: 57.289076 | O1011: 15.895559 | Q1011: 57.9071 | R1011: 16.209541 | T1011: 55.790757 | U1011: 15.057748 | W1011: 57.138096 | X1011: 15.139868 | Z1011: 57.539796 | AA1011: 16.167003 | AC1011: 57.289076 | AD1011: 15.895559
B1012: 57.916043 | C1012: 16.248013 | E1012: 55.826677 | F1012: 15.07978 | H1012: 57.170892 | I1012: 15.166555 | K1012: 57.578655 | L1012: 16.220213 | N1012: 57.325292 | O1012: 15.941965 | Q1012: 57.916043 | R1012: 16.248013 | T1012: 55.826677 | U1012: 15.07978 | W1012: 57.170892 | X1012: 15.166555 | Z1012: 57.578655 | AA1012: 16.220213 | AC1012: 57.325292 | AD1012: 15.941965
B1013: 57.962636 | C1013: 16.250609 | E1013: 55.847164 | F1013: 15.077226 | H1013: 57.2081 | I1013: 15.195867 | K1013: 57.601925 | L1013: 16.212987 | N1013: 57.363601 | O1013: 15.941869 | Q1013: 57.962636 | R1013: 16.250609 | T1013: 55.847164 | U1013: 15.077226 | W1013: 57.2081 | X1013: 15.195867 | Z1013: 57.601925 | AA1013: 16.212987 | AC1013: 57.363601 | AD1013: 15.941869
B1014: 57.983394 | C1014: 16.247035 | E1014: 55.855235 | F1014: 15.097986 | H1014: 57.189821 | I1014: 15.186713 | K1014: 57.618227 | L1014: 16.230327 | N1014: 57.373043 | O1014: 15.941619 | Q1014: 57.983394 | R1014: 16.247035 | T1014: 55.855235 | U1014: 15.097986 | W1014: 57.189821 | X1014: 15.186713 | Z1014: 57.618227 | AA1014: 16.230327 | AC1014: 57.373043 | AD1014: 15.941619
... B4998: 57.042593 | C4998: 83.419373 | E4998: 6.8773468 | F4998: 79.225896 | H4998: 7.0904221 | I4998: 79.616541 | K4998: 9.46043 | L4998: 83.756167 | N4998: 83.159715 | O4998: 82.345718 | Q4998: 57.042593 | R4998: 83.419373 | T4998: 6.8773468 | U4998: 79.225896 | W4998: 7.0904221 | X4998: 79.616541 | Z4998: 9.46043 | AA4998: 83.756167 | AC4998: 83.159715 | AD4998: 82.345718
B4999: 19.974775 | C4999: 83.445521 | E4999: 6.9020419 | F4999: 79.233261 | H4999: 7.1744483 | I4999: 79.616541 | K4999: 7.1823171 | L4999: 83.762903 | N4999: 36.151164 | Q4999: 19.974775 | R4999: 83.445521 | T4999: 6.9020419 | U4999: 79.233261 | W4999: 7.1744483 | X4999: 79.616541 | Z4999: 7.1823171 | AA4999: 83.762903 | AC4999: 36.151164
B5000: 7.4166849 | C5000: 83.468808 | E5000: 7.2587678 | F5000: 79.448906 | H5000: 7.1966272 | I5000: 79.620226 | K5000: 7.0981862 | L5000: 83.7521 | N5000: 7.640112 | Q5000: 7.4166849 | R5000: 83.468808 | T5000: 7.2587678 | U5000: 79.448906 | W5000: 7.1966272 | X5000: 79.620226 | Z5000: 7.0981862 | AA5000: 83.7521 | AC5000: 7.640112
B5001: 7.151201 | C5001: 83.458085 | E5001: 7.1743678 | F5001: 81.009128 | H5001: 6.9455664 | I5001: 79.626851 | K5001: 7.1327709 | L5001: 86.753921 | N5001: 7.3245429 | Q5001: 7.151201 | R5001: 83.458085 | T5001: 7.1743678 | U5001: 81.009128 | W5001: 6.9455664 | X5001: 79.626851 | Z5001: 7.1327709 | AA5001: 86.753921 | AC5001: 7.3245429
C5002: 83.469385 | F5002: 81.01272 | H5002: 7.0571895 | K5002: 7.2097773 | L5002: 86.822504 | N5002: 7.1716304 | R5002: 83.469385 | U5002: 81.01272 | W5002: 7.0571895 | Z5002: 7.2097773 | AA5002: 86.822504 | AC5002: 7.1716304

Sheet Feuil4
A1: Eprouvette | B1: Fmax | C1: Allongement à Fmax
A2: 1 | B2: ='Feuil1 (2)'!B1 -> 143.57489 | C2: ='Feuil1 (2)'!C1 -> 83.378189
A3: 2 | B3: ='Feuil1 (2)'!E1 -> 135.19286 | C3: ='Feuil1 (2)'!F1 -> 78.986184
A4: 3 | B4: ='Feuil1 (2)'!H1 -> 139.35088 | C4: ='Feuil1 (2)'!I1 -> 79.409754
A5: 4 | B5: ='Feuil1 (2)'!K1 -> 143.61037 | C5: ='Feuil1 (2)'!L1 -> 83.611673
A6: 5 | B6: ='Feuil1 (2)'!N1 -> 142.89048 | C6: ='Feuil1 (2)'!O1 -> 82.222822
A7: 6
A8: 7
